Kategorija;WKT
Travnik;POLYGON ((46.232120703379195 14.324733118535027, 46.230464635301018 14.325133609522998, 46.230429990756534 14.325649993215356, 46.232200409470316 14.325465369520465, 46.232200409470316 14.325465369520465, 46.232120703379195 14.324733118535027))
Njiva;POLYGON ((46.255349134706137 14.349124266115675, 46.253452675425393 14.349398297126779, 46.253982847255074 14.350555663164773, 46.253847430466237 14.353607866700328, 46.255440270824948 14.353652052176216, 46.255349134706137 14.349124266115675))
Voda;POLYGON ((46.200240459565158 14.400925333849163, 46.198869224149711 14.401537181409934, 46.196626800435936 14.406619640533259, 46.196790413452071 14.4087228152554, 46.197813782340418 14.408334828009844, 46.200939371054154 14.405253603520835, 46.200240459565158 14.400925333849163))
Gozd;POLYGON ((46.265696572582584 14.338801479931115, 46.264453131526096 14.338816429777498, 46.263488164854316 14.341721895635359, 46.264884310232659 14.341705184097, 46.265696572582584 14.338801479931115))
Pozidano;POLYGON ((46.24099737080369 14.354960838786276, 46.238397313115691 14.354268171395052, 46.236901481763489 14.355952030212931, 46.239175190759333 14.356805779206331, 46.241244423590061 14.35621563676556, 46.24099737080369 14.354960838786276))